{
    "0h-1,0h-1": 1.0,
    "0h-2,0h-1": 0.9804926068724202,
    "3h-1,0h-1": 0.6412583843690358,
    "3h-2,0h-1": 0.701972931808305,
    "6h-1,0h-1": 0.5457077235494148,
    "6h-2,0h-1": 0.49080610742221514,
    "0h-1,0h-2": 1.0198955025166425,
    "0h-2,0h-2": 1.0,
    "3h-1,0h-2": 0.65430603116274,
    "3h-2,0h-2": 0.7161294341101002,
    "6h-1,0h-2": 0.5567081084222111,
    "6h-2,0h-2": 0.5007247086242628,
    "0h-1,3h-1": 1.5594338013746938,
    "0h-2,3h-1": 1.528336821567947,
    "3h-1,3h-1": 1.0,
    "3h-2,3h-1": 1.0956574662715013,
    "6h-1,3h-1": 0.8529991568799105,
    "6h-2,3h-1": 0.7635206500929284,
    "0h-1,3h-2": 1.424556353510623,
    "0h-2,3h-2": 1.3963956128163508,
    "3h-1,3h-2": 0.9126940040877725,
    "3h-2,3h-2": 1.0,
    "6h-1,3h-2": 0.777884000877637,
    "6h-2,3h-2": 0.6961112013075078,
    "0h-1,6h-1": 1.8324827684236509,
    "0h-2,6h-1": 1.7962734597743515,
    "3h-1,6h-1": 1.1723341013111752,
    "3h-2,6h-1": 1.2855387164047127,
    "6h-1,6h-1": 1.0,
    "6h-2,6h-1": 0.8971999355103694,
    "0h-1,6h-2": 2.037464458729222,
    "0h-2,6h-2": 1.9971053610425822,
    "3h-1,6h-2": 1.3097222712683536,
    "3h-2,6h-2": 1.4365520884044056,
    "6h-1,6h-2": 1.1145787693700102,
    "6h-2,6h-2": 1.0
}