Type	K	R	W
GA	1.1285015230246473	0.8691758886048117	0.20507937701590848
GC	2.2023532136078896	0.8230681670100543	0.19420040194970636
GT	1.8708872265608547	0.8120506989340774	0.19160086425090891
TA	1.829627791762429	0.8873671596030087	0.20937155144498312
TG	2.1992233190366526	0.8465794012455864	0.19974780533849307
