Type	K	R	W
AG	1.3126076190903886	0.8146775998303795	0.15290580397523185
GA	1.061506650561171	0.831894189102785	0.1561371637486645
GC	1.6072495059843754	0.8733135337576126	0.16391110793946123
GT	1.2864853090841326	0.9216653454862498	0.172986198070288
TA	1.5425386285319675	0.939190458627999	0.17627546429689592
TG	1.8060826864752955	0.9472292879893236	0.17778426196945862
