Type	K	R	W
AG	1.4593016484111767	0.9654146438452534	0.34411745141143135
CT	0.9376408724137246	0.9041073605981915	0.3222647623120527
GA	1.0491552075888109	0.9359580428064428	0.3336177862765159
