Type	K	R	W
AG	1.4593964491956344	0.9654062256452266	0.34414630707561256
CT	0.9376790707126887	0.9040829535466898	0.3222858952925836
GA	1.0491885371574252	0.9357311756297808	0.33356779763180383
